sent_idx,surface,tam,comp,subjtype,pattern,head_lemma,subject_text,aux_chain,following_word,complements,instance_atp,instance_dpb,instance_hr
6,we people are endowed Unlike animals,pres-be,pp_unlike_NP,PL_NP,"pres-be,pp_unlike_NP",endow,we people,"['are', 'endowed']",brain,"{'pp_unlike': 'Unlike animals', 'prep_head': 'unlike', 'pp_with': 'with a brain capable of imagining inventing and dreaming'}",0.14622552148726217,0.2921508326492978,2.0
3,being dragged along a stiflingly crowed bus,prog-be,pp_along_NP,DEF_NP,"prog-be,pp_along_NP",drag,,"['being', 'dragged']",stiflingly,"{'pp_along': 'along a stiflingly crowed bus', 'prep_head': 'along'}",0.10214775684324787,0.20357728727119165,0.0
7,which can be strived towards,modal-be,pp_towards_NP,REL,"modal-be,pp_towards_NP",strive,which,"['can', 'be', 'strived']",hardly,"{'pp_towards': 'towards', 'prep_head': 'towards'}",0.5071763379444445,0.8751863762607806,2.75
10,they should be strived towards,modal-be,pp_towards_NP,PRON,"modal-be,pp_towards_NP",strive,they,"['should', 'be', 'strived']",has,"{'pp_towards': 'towards', 'prep_head': 'towards'}",0.4985859379472493,0.8751863762607806,2.75
4,others are left below the povertyline,pres-be,pp_below_NP,PL_NP,"pres-be,pp_below_NP",leave,others,"['are', 'left']",povertyline,"{'pp_below': 'below the povertyline', 'prep_head': 'below'}",0.1420138638938904,0.2756816621331299,0.0
14,a lot of concepts about education related to boys and girls should be revised Notwithstanding the fact that nowadays kids are having more wise kinds of education,modal-be,pp_notwithstanding_NP,INDEF_NP,"modal-be,pp_notwithstanding_NP",revise,a lot of concepts about education related to boys and girls,"['should', 'be', 'revised']",,"{'pp_notwithstanding': 'Notwithstanding the fact that nowadays kids are having more wise kinds of education', 'prep_head': 'notwithstanding'}",0.47595933684535496,0.7842772853516896,0.0
5,the technology has been improved along the years,perf-be,pp_along_NP,DEF_NP,"perf-be,pp_along_NP",improve,the technology,"['has', 'been', 'improved']",years,"{'pp_along': 'along the years', 'prep_head': 'along'}",0.38944666211967754,0.10762176033149329,1.0
5,this influence can be observed beyond this social group,modal-be,pp_beyond_NP,DEF_NP,"modal-be,pp_beyond_NP",observe,this influence,"['can', 'be', 'observed']",social,"{'pp_beyond': 'beyond this social group', 'prep_head': 'beyond'}",0.3808010231345881,0.36712186013174836,0.0
2,life should be supported until the end,modal-be,pp_until_NP,DEF_NP,"modal-be,pp_until_NP",support,life,"['should', 'be', 'supported']",end,"{'pp_until': 'until the end', 'prep_head': 'until'}",0.35834782957659683,0.312161166176747,0.0
4,that wealth is divided amongst few people who are usually not productive,pres-be,pp_amongst_NP,DEF_NP,"pres-be,pp_amongst_NP",divide,that wealth,"['is', 'divided']",few,"{'pp_amongst': 'amongst few people who are usually not productive', 'prep_head': 'amongst'}",0.10064527634847255,0.19848376713644086,2.0
2,that is expected to replace the formers in a not distant future,pres-be,pp_along_NP,REL,"pres-be,pp_along_NP",expect,that,"['is', 'expected']",replace,"{'pp_along': 'along with the internet', 'prep_head': 'along', 'to_vp': 'to replace the formers in a not distant future'}",0.10794306292155911,0.2119053719407242,2.0
5,only 835 were donated out of the 17 429 transplants in 2005,past-be,pp_out_NP,DEF_NP,"past-be,pp_out_NP",donate,only 835,"['were', 'donated']",spouse,"{'pp_out': 'out of the 17 429 transplants in 2005', 'prep_head': 'out', 'pp_from': 'from a spouse'}",0.13209617911320792,0.2635830183557124,2.725480556997868
5,only 835 were donated out of the 17 429 transplants in 2005,past-be,pp_out_NP,DEF_NP,"past-be,pp_out_NP",donate,only 835,"['were', 'donated']",spouse,"{'pp_out': 'out of the 17 429 transplants in 2005', 'prep_head': 'out', 'pp_from': 'from a spouse'}",0.13209617911320792,0.2635830183557124,2.725480556997868
2,Things are being is experinced off its regular time,prog-be,pp_off_NP,PL_NP,"prog-be,pp_off_NP",experince,Things,"['are', 'being', 'is', 'experinced']",regular,"{'pp_off': 'off its regular time', 'prep_head': 'off'}",0.14868668424751288,0.8945621985089899,1.0
13,the transport facilities have been improved between Hong Kong and mainland China,perf-be,pp_between_NP,PL_NP,"perf-be,pp_between_NP",improve,the transport facilities,"['have', 'been', 'improved']",Hong,"{'pp_between': 'between Hong Kong and mainland China', 'prep_head': 'between'}",0.36752097074264933,0.10762176033149329,1.584962500721156
5,the disposal of waste from households and commercial and industries can be landfilled several stories over Victoria Park,modal-be,pp_over_NP,DEF_NP,"modal-be,pp_over_NP",landfille,the disposal of waste from households and commercial and industries,"['can', 'be', 'landfilled']",several,"{'pp_over': 'several stories over Victoria Park', 'prep_head': 'over'}",0.3821726835079586,0.3751863762607806,2.7954618442383214
7,the decision of banning smoke should be left up to the Industry rather than to the government,modal-be,pp_than_NP,DEF_NP,"modal-be,pp_than_NP",leave,the decision of banning smoke,"['should', 'be', 'left']",Industry,"{'pp_than': 'up to the Industry rather than to the government', 'prep_head': 'than'}",0.305922643310161,0.10234042325816962,1.4591479170272448
4,the credit card can be used all over the world,modal-be,pp_over_NP,DEF_NP,"modal-be,pp_over_NP",use,the credit card,"['can', 'be', 'used']",all,"{'pp_over': 'all over the world', 'prep_head': 'over'}",0.33958289435256794,0.18636284684901588,2.7954618442383214
5,the decision should be left up to the industry rather than to the government,modal-be,pp_up_NP,DEF_NP,"modal-be,pp_up_NP",leave,the decision,"['should', 'be', 'left']",industry,"{'pp_up': 'up to the industry rather than to the government', 'prep_head': 'up'}",0.305922643310161,0.10234042325816962,1.5567796494470396
8,the decision should be left up to the industry rather than to the government,modal-be,pp_up_NP,DEF_NP,"modal-be,pp_up_NP",leave,the decision,"['should', 'be', 'left']",industry,"{'pp_up': 'up to the industry rather than to the government', 'prep_head': 'up'}",0.305922643310161,0.10234042325816962,1.5567796494470396
6,the decision should be left up to the industry rather than to the government R,modal-be,pp_up_NP,DEF_NP,"modal-be,pp_up_NP",leave,the decision,"['should', 'be', 'left']",industry,"{'pp_up': 'up to the industry rather than to the government R', 'prep_head': 'up'}",0.305922643310161,0.10234042325816962,1.5567796494470396
7,the decision should be left up to the industry rather than to the government,modal-be,pp_up_NP,DEF_NP,"modal-be,pp_up_NP",leave,the decision,"['should', 'be', 'left']",industry,"{'pp_up': 'up to the industry rather than to the government', 'prep_head': 'up'}",0.305922643310161,0.10234042325816962,1.5567796494470396
9,the decision should be left up to the industry rather than to the government,modal-be,pp_up_NP,DEF_NP,"modal-be,pp_up_NP",leave,the decision,"['should', 'be', 'left']",industry,"{'pp_up': 'up to the industry rather than to the government', 'prep_head': 'up'}",0.305922643310161,0.10234042325816962,1.5567796494470396
10,the decision on whether smoking should be banned in restaurants should be left up to the industry rather than to the government,modal-be,pp_than_NP,DEF_NP,"modal-be,pp_than_NP",leave,the decision on whether smoking should be banned in restaurants,"['should', 'be', 'left']",industry,"{'pp_than': 'up to the industry rather than to the government', 'prep_head': 'than'}",0.305922643310161,0.10234042325816962,1.4591479170272448
9,the decision should be left up to the industry rather than to the government,modal-be,pp_up_NP,DEF_NP,"modal-be,pp_up_NP",leave,the decision,"['should', 'be', 'left']",industry,"{'pp_up': 'up to the industry rather than to the government', 'prep_head': 'up'}",0.305922643310161,0.10234042325816962,1.5567796494470396
12,the decision of banning smoking or not should be left up to the industry rather than to the government,modal-be,pp_up_NP,DEF_NP,"modal-be,pp_up_NP",leave,the decision of banning smoking or not,"['should', 'be', 'left']",industry,"{'pp_up': 'up to the industry rather than to the government', 'prep_head': 'up'}",0.305922643310161,0.10234042325816962,1.5567796494470396
10,the decision should be left up to the industry rather than to the government,modal-be,pp_up_NP,DEF_NP,"modal-be,pp_up_NP",leave,the decision,"['should', 'be', 'left']",industry,"{'pp_up': 'up to the industry rather than to the government', 'prep_head': 'up'}",0.305922643310161,0.10234042325816962,1.5567796494470396
14,this issue should be left up to them rather them the government,modal-be,pp_up_NP,DEF_NP,"modal-be,pp_up_NP",leave,this issue,"['should', 'be', 'left']",rather,"{'pp_up': 'up to them rather them the government', 'prep_head': 'up'}",0.305922643310161,0.10234042325816962,1.5567796494470396
5,the decision should be left up to the industry rather than to the government,modal-be,pp_than_NP,DEF_NP,"modal-be,pp_than_NP",leave,the decision,"['should', 'be', 'left']",industry,"{'pp_than': 'up to the industry rather than to the government', 'prep_head': 'than'}",0.305922643310161,0.10234042325816962,1.4591479170272448
9,the decision should be left up to the industry rather than to the government,modal-be,pp_up_NP,DEF_NP,"modal-be,pp_up_NP",leave,the decision,"['should', 'be', 'left']",industry,"{'pp_up': 'up to the industry rather than to the government', 'prep_head': 'up'}",0.305922643310161,0.10234042325816962,1.5567796494470396
5,the decision should be left up to the industry rather than to the government,modal-be,pp_up_NP,DEF_NP,"modal-be,pp_up_NP",leave,the decision,"['should', 'be', 'left']",industry,"{'pp_up': 'up to the industry rather than to the government', 'prep_head': 'up'}",0.305922643310161,0.10234042325816962,1.5567796494470396
7,the ban of smoking should be left up to the industry not the government,modal-be,pp_up_NP,DEF_NP,"modal-be,pp_up_NP",leave,the ban of smoking,"['should', 'be', 'left']",industry,"{'pp_up': 'up to the industry not the government', 'prep_head': 'up'}",0.305922643310161,0.10234042325816962,1.5567796494470396
1,the later is run along the north board of New Territories,pres-be,pp_along_NP,DEF_NP,"pres-be,pp_along_NP",run,the later,"['is', 'run']",north,"{'pp_along': 'along the north board of New Territories', 'prep_head': 'along'}",0.13522955986479687,0.2695621985089899,2.0
9,was banned out of smoking,past-be,pp_out_NP,DEF_NP,"past-be,pp_out_NP",ban,,"['was', 'banned']",,"{'pp_out': 'out of smoking', 'prep_head': 'out'}",0.10372394567051979,0.1868365240044271,2.725480556997868
12,The decision of whether we should prohibiting smoking in restaurant should be left up to catering industry rather than to the government,modal-be,pp_up_NP,DEF_NP,"modal-be,pp_up_NP",leave,The decision of whether we should prohibiting smoking in restaurant,"['should', 'be', 'left']",catering,"{'pp_up': 'up to catering industry rather than to the government', 'prep_head': 'up'}",0.305922643310161,0.10234042325816962,1.5567796494470396
9,The decisicon should be left up to the industry itself rather than to the government,modal-be,pp_up_NP,DEF_NP,"modal-be,pp_up_NP",leave,The decisicon,"['should', 'be', 'left']",industry,"{'pp_up': 'up to the industry itself rather than to the government', 'prep_head': 'up'}",0.305922643310161,0.10234042325816962,1.5567796494470396
12,that decision should be left up to the industry rather than to the government R,modal-be,pp_up_NP,DEF_NP,"modal-be,pp_up_NP",leave,that decision,"['should', 'be', 'left']",industry,"{'pp_up': 'up to the industry rather than to the government R', 'prep_head': 'up'}",0.305922643310161,0.10234042325816962,1.5567796494470396
2,It is run round the clock,pres-be,pp_round_NP,PRON,"pres-be,pp_round_NP",run,It,"['is', 'run']",clock,"{'pp_round': 'round the clock', 'prep_head': 'round'}",0.13522955986479687,0.2695621985089899,1.0
2,The Lok Ma Chau Spur Line which is the proposed railway line will be constructed across the Long Valley,modal-be,pp_across_NP,PROPN,"modal-be,pp_across_NP",construct,The Lok Ma Chau Spur Line which is the proposed railway line,"['will', 'be', 'constructed']",Long,"{'pp_across': 'across the Long Valley', 'prep_head': 'across', 'pp_into': 'into the Deep Bay Wetland Conservative Area near Mai Po'}",0.2971669694180728,0.20851970959411392,1.0
2,who are rapped o r incest victims who are pregnant under 16,pres-be,pp_o_NP,REL,"pres-be,pp_o_NP",rap,who,"['are', 'rapped']",incest,"{'pp_o': 'o r incest victims who are pregnant under 16', 'prep_head': 'o'}",0.45380359214785665,0.9075354480339132,0.0
4,the agents would be accumulated inside the body,modal-be,pp_inside_NP,PL_NP,"modal-be,pp_inside_NP",accumulate,the agents,"['would', 'be', 'accumulated']",body,"{'pp_inside': 'inside the body', 'prep_head': 'inside'}",0.26924419184801224,0.20851970959411392,2.321928094887362
5,the decision could be left up to the industry,modal-be,pp_up_NP,DEF_NP,"modal-be,pp_up_NP",leave,the decision,"['could', 'be', 'left']",industry,"{'pp_up': 'up to the industry', 'prep_head': 'up'}",0.24823301301067255,0.10234042325816962,1.5567796494470396
9,they will be lagged behind,modal-be,pp_behind_NP,PRON,"modal-be,pp_behind_NP",lag,they,"['will', 'be', 'lagged']",particularly,"{'pp_behind': 'behind', 'prep_head': 'behind'}",0.46368160589879026,0.8751863762607806,1.584962500721156
2,genetic engineering has been developed within several decades,perf-be,pp_within_NP,DEF_NP,"perf-be,pp_within_NP",develop,genetic engineering,"['has', 'been', 'developed']",very,"{'pp_within': 'within several decades', 'prep_head': 'within'}",0.41704531019719937,0.20889343663207133,2.321928094887362
3,Many kinds of programmes are being broadcasting all around the world,prog-be,pp_around_NP,PL_NP,"prog-be,pp_around_NP",broadcast,Many kinds of programmes,"['are', 'being', 'broadcasting']",all,"{'pp_around': 'all around the world', 'prep_head': 'around'}",0.27571426747446187,0.9813550650489694,2.2359263506290326
2,It can be seen throughout the text,modal-be,pp_throughout_NP,PRON,"modal-be,pp_throughout_NP",see,It,"['can', 'be', 'seen']",quite,"{'pp_throughout': 'throughout the text', 'prep_head': 'throughout'}",0.3916651252638653,0.39588063527279665,1.5
2,It can be seen throughout the text,modal-be,pp_throughout_NP,PRON,"modal-be,pp_throughout_NP",see,It,"['can', 'be', 'seen']",quite,"{'pp_throughout': 'throughout the text', 'prep_head': 'throughout'}",0.3916651252638653,0.39588063527279665,1.5
9,the desire of being richer and richer can be seen all over the world,modal-be,pp_over_NP,DEF_NP,"modal-be,pp_over_NP",see,the desire of being richer and richer,"['can', 'be', 'seen']",all,"{'pp_over': 'all over the world', 'prep_head': 'over'}",0.3916651252638653,0.39588063527279665,2.7954618442383214
4,a colour televisor was introduced alongside the black and white televisor,past-be,pp_alongside_NP,INDEF_NP,"past-be,pp_alongside_NP",introduce,a colour televisor,"['was', 'introduced']",black,"{'pp_alongside': 'alongside the black and white televisor', 'prep_head': 'alongside'}",0.10328062555163876,0.1948084627799373,0.0
10,domestic responsibilities should be split down the middle,modal-be,pp_down_NP,PL_NP,"modal-be,pp_down_NP",split,domestic responsibilities,"['should', 'be', 'split']",evenly,"{'pp_down': 'down the middle', 'prep_head': 'down', 'pp_at': 'at the same time that women take the paid fulltime employment'}",0.32551819461704506,0.18287868395308832,0.0
10,People were warned against money,past-be,pp_against_NP,PL_NP,"past-be,pp_against_NP",warn,People,"['were', 'warned']",money,"{'pp_against': 'against money', 'prep_head': 'against', 'pp_as': 'as against one possible obstacle on their way to the kingdom of God'}",0.11438588956901208,0.22786873264142668,1.584962500721156
16,a translation could be used Beside the therm death penalty,modal-be,pp_beside_NP,INDEF_NP,"modal-be,pp_beside_NP",use,a translation,"['could', 'be', 'used']",final,"{'pp_beside': 'Beside the therm death penalty', 'prep_head': 'beside'}",0.2733028640558844,0.18636284684901588,1.0
16,This has been demonstrated within the past few years,perf-be,pp_within_NP,PRON,"perf-be,pp_within_NP",demonstrate,This,"['has', 'been', 'demonstrated']",past,"{'pp_within': 'within the past few years', 'prep_head': 'within'}",0.41971937505987494,0.23205133136891343,2.321928094887362
14,their children can be admitted inspite of the fact they do not pass the entrance exams,modal-be,pp_inspite_NP,PL_NP,"modal-be,pp_inspite_NP",admit,their children,"['can', 'be', 'admitted']",fact,"{'pp_inspite': 'inspite of the fact they do not pass the entrance exams', 'prep_head': 'inspite'}",0.35569461854737255,0.26804351911792346,0.0
9,she s being discriminated against,prog-be,pp_against_NP,PRON,"prog-be,pp_against_NP",discriminate,she,"['s', 'being', 'discriminated']",allowed,"{'pp_against': 'against', 'prep_head': 'against'}",0.28557974074733167,0.15595823965214403,2.321928094887362
8,professionals can be trained notIn my point of view,modal-be,pp_notin_NP,PL_NP,"modal-be,pp_notin_NP",train,professionals,"['can', 'be', 'trained']",better,"{'pp_notin': 'notIn my point of view', 'prep_head': 'notin'}",0.3364699237234956,0.19097584994499112,0.0
9,its life could be prolonged until 2007,modal-be,pp_until_NP,DEF_NP,"modal-be,pp_until_NP",prolong,its life,"['could', 'be', 'prolonged']",,"{'pp_until': 'until 2007', 'prep_head': 'until'}",0.357584944588847,0.5418530429274472,0.0
11,They were erected throughout the Bronze Age up until the Iron Age,past-be,pp_throughout_NP,PRON,"past-be,pp_throughout_NP",erect,They,"['were', 'erected']",Bronze,"{'pp_throughout': 'throughout the Bronze Age up until the Iron Age', 'prep_head': 'throughout'}",0.11408487407014625,0.22786873264142668,2.521640636343318
9,entire encyclopedias can be transmitted over the Internet,modal-be,pp_over_NP,PL_NP,"modal-be,pp_over_NP",transmit,entire encyclopedias,"['can', 'be', 'transmitted']",Internet,"{'pp_over': 'over the Internet', 'prep_head': 'over'}",0.358513319010637,0.2799482810226854,2.7954618442383214
16,The use of an auxiliary language such as Esperanto has been suggested but without much progress,perf-be,pp_without_NP,DEF_NP,"perf-be,pp_without_NP",suggest,The use of an auxiliary language such as Esperanto,"['has', 'been', 'suggested']",much,"{'pp_without': 'but without much progress', 'prep_head': 'without'}",0.40007945872638523,0.15199202818136712,2.0
18,being crushed against the rocks,prog-be,pp_against_NP,DEF_NP,"prog-be,pp_against_NP",crush,,"['being', 'crushed']",rocks,"{'pp_against': 'against the rocks', 'prep_head': 'against'}",0.21365087109038408,0.4257995094934139,2.321928094887362
23,several newspapers can be read via Internet,modal-be,pp_via_NP,PL_NP,"modal-be,pp_via_NP",read,several newspapers,"['can', 'be', 'read']",Internet,"{'pp_via': 'via Internet', 'prep_head': 'via'}",0.38885266634515914,0.40061010507434,2.0
1,crime can be seen around us,modal-be,pp_around_NP,DEF_NP,"modal-be,pp_around_NP",see,crime,"['can', 'be', 'seen']",see,"{'pp_around': 'around us', 'prep_head': 'around'}",0.3916651252638653,0.39588063527279665,2.0
15,peace of nature can be sensed Around six oclock,modal-be,pp_around_NP,DEF_NP,"modal-be,pp_around_NP",sense,peace of nature,"['can', 'be', 'sensed']",almost,"{'pp_around': 'Around six oclock', 'prep_head': 'around'}",0.5071763379444445,0.8751863762607806,2.0
7,which had been concealed upto then,perf-be,pp_upto_NP,REL,"perf-be,pp_upto_NP",conceal,which,"['had', 'been', 'concealed']",then,"{'pp_upto': 'upto then', 'prep_head': 'upto'}",0.28741015522384145,0.135560103298738,0.0
4,Europe can be said to have failed,modal-be,pp_up_NP,PROPN,"modal-be,pp_up_NP",say,Europe,"['can', 'be', 'said']",failed,"{'pp_up': 'up to now', 'prep_head': 'up', 'to_vp': 'to have failed'}",0.345891943316598,0.2178655039866373,1.5567796494470396
10,many improvements have been made towards an adequate insertion of young people into the European system,perf-be,pp_towards_NP,PL_NP,"perf-be,pp_towards_NP",make,many improvements,"['have', 'been', 'made']",adequate,"{'pp_towards': 'towards an adequate insertion of young people into the European system', 'prep_head': 'towards'}",0.3718002411131568,0.1017605694992042,1.0
1,our world will be altered Towards the end of the twentieth century,modal-be,pp_towards_NP,DEF_NP,"modal-be,pp_towards_NP",alter,our world,"['will', 'be', 'altered']",USSR,"{'pp_towards': 'Towards the end of the twentieth century', 'prep_head': 'towards'}",0.3283693089494919,0.3335197095941139,2.75
14,Life and death are mixed althrough the novel,pres-be,pp_althrough_NP,DEF_NP,"pres-be,pp_althrough_NP",mix,Life and death,"['are', 'mixed']",together,"{'pp_althrough': 'althrough the novel', 'prep_head': 'althrough'}",0.21287527352482777,0.42477682734425803,0.0
1,This unity will be destroyed towards the end of the story,modal-be,pp_towards_NP,DEF_NP,"modal-be,pp_towards_NP",destroy,This unity,"['will', 'be', 'destroyed']",end,"{'pp_towards': 'towards the end of the story', 'prep_head': 'towards'}",0.29371247380498783,0.19336819444259878,2.75
6,Comparisons as well as Hitler was consumed by the will to power and domination have been made between Saddam Hussein and Hitler Saddam,perf-be,pp_between_NP,DEF_NP,"perf-be,pp_between_NP",make,Comparisons as well as Hitler was consumed by the will to power and domination,"['have', 'been', 'made']",Saddam,"{'pp_between': 'between Saddam Hussein and Hitler Saddam', 'prep_head': 'between'}",0.3718002411131568,0.1017605694992042,1.584962500721156
9,greater security will be achieved Further inside the frontiers of Europe,modal-be,pp_inside_NP,DEF_NP,"modal-be,pp_inside_NP",achieve,greater security,"['will', 'be', 'achieved']",thanks,"{'pp_inside': 'Further inside the frontiers of Europe', 'prep_head': 'inside'}",0.3341843152745078,0.3526638537382581,2.321928094887362
3,she has been shouted Go home to you ve come where from,perf-be,pp_like_NP,PRON,"perf-be,pp_like_NP",shout,she,"['has', 'been', 'shouted']",Go,"{'pp_like': 'Like most foreigners', 'prep_head': 'like', 'pp_at': 'at', 'to_vp': 'Go home to you ve come where from'}",0.6037278288980225,0.9688934366320713,2.0
7,I was chucked out of the classroom,past-be,pp_out_NP,PRON,"past-be,pp_out_NP",chuck,I,"['was', 'chucked']",classroom,"{'pp_out': 'out of the classroom', 'prep_head': 'out'}",0.48527880137794843,0.97031866686157,2.725480556997868
1,this astonishing popularity can be accounted forWhy,modal-be,pp_forwhy_NP,DEF_NP,"modal-be,pp_forwhy_NP",account,this astonishing popularity,"['can', 'be', 'accounted']",so,"{'pp_forwhy': 'forWhy', 'prep_head': 'forwhy'}",0.4322349180669789,0.5751863762607805,0.0
2,which has been established within literally thousands of years,perf-be,pp_within_NP,REL,"perf-be,pp_within_NP",establish,which,"['has', 'been', 'established']",literally,"{'pp_within': 'within literally thousands of years', 'prep_head': 'within'}",0.39532327145241797,0.13000454774318246,2.321928094887362
6,Harmful industries must be moved outside city boundaries,modal-be,pp_outside_NP,PL_NP,"modal-be,pp_outside_NP",move,Harmful industries,"['must', 'be', 'moved']",city,"{'pp_outside': 'outside city boundaries', 'prep_head': 'outside'}",0.2587784273413661,0.10851970959411393,2.321928094887362
2,Everything should be justified throught experimentations,modal-be,pp_throught_NP,PRON,"modal-be,pp_throught_NP",justify,Everything,"['should', 'be', 'justified']",experimentations,"{'pp_throught': 'throught experimentations', 'prep_head': 'throught'}",0.4257786950308077,0.5820829279849185,0.0
6,it can be seen around us,modal-be,pp_around_NP,PRON,"modal-be,pp_around_NP",see,it,"['can', 'be', 'seen']",individuals,"{'pp_around': 'around us', 'prep_head': 'around', 'pp_in': 'in all those individuals who struggle for a better life and a better future everyday'}",0.3916651252638653,0.39588063527279665,2.0
6,have been gathered around the big cities,perf-be,pp_around_NP,DEF_NP,"perf-be,pp_around_NP",gather,,"['have', 'been', 'gathered']",big,"{'pp_around': 'around the big cities', 'prep_head': 'around'}",0.38194364217888954,0.16889343663207135,1.0
3,animals are provided which withApart from the above,pres-be,pp_withapart_NP,PL_NP,"pres-be,pp_withapart_NP",provide,animals,"['are', 'provided']",above,"{'pp_withapart': 'which withApart from the above', 'prep_head': 'withapart'}",0.13069018822773476,0.25667337906839593,0.0
11,all attention is driven toward the higher level,pres-be,pp_toward_NP,DEF_NP,"pres-be,pp_toward_NP",drive,all attention,"['is', 'driven']",higher,"{'pp_toward': 'toward the higher level', 'prep_head': 'toward'}",0.12017612788801123,0.23938978471588648,1.0
5,no native equivalent will be used outside the official discourse,modal-be,pp_outside_NP,DEF_NP,"modal-be,pp_outside_NP",use,no native equivalent,"['will', 'be', 'used']",official,"{'pp_outside': 'outside the official discourse', 'prep_head': 'outside'}",0.2961009746623664,0.18636284684901588,2.321928094887362
1,This phenomenon can be experienced all over the world However I am absolutely convinced that the situation of using English words and expressions instead of their Hungarian counterparts should be changed for three reasonsFirstly or at least in the Western part of it to which Hungary belongs,modal-be,pp_over_NP,DEF_NP,"modal-be,pp_over_NP",experience,This phenomenon,"['can', 'be', 'experienced']",all,"{'pp_over': 'all over the world However I am absolutely convinced that the situation of using English words and expressions instead of their Hungarian counterparts should be changed for three reasonsFirstly or at least in the Western part of it to which Hungary belongs', 'prep_head': 'over'}",0.31971668954005356,0.1251863762607806,2.7954618442383214
5,the proposition of English originated words have been increased within the language of computers Internet,perf-be,pp_within_NP,DEF_NP,"perf-be,pp_within_NP",increase,the proposition of English originated words,"['have', 'been', 'increased']",language,"{'pp_within': 'within the language of computers Internet', 'prep_head': 'within'}",0.36970620580922636,0.11831872398839319,2.321928094887362
2,The process of americanization and anglicization should be reduced tot he lowest degree,modal-be,pp_tot_NP,DEF_NP,"modal-be,pp_tot_NP",reduce,The process of americanization and anglicization,"['should', 'be', 'reduced']",lowest,"{'pp_tot': 'tot he lowest degree', 'prep_head': 'tot'}",0.387639224847127,0.42611230218670654,0.0
10,it can be said mother languageAs a conclusion,modal-be,pp_languageas_NP,PRON,"modal-be,pp_languageas_NP",say,it,"['can', 'be', 'said']",important,"{'pp_languageas': 'mother languageAs a conclusion', 'prep_head': 'languageas'}",0.345891943316598,0.2178655039866373,0.0
7,can be fought againstIn conclusion,modal-be,pp_againstin_NP,DEF_NP,"modal-be,pp_againstin_NP",fight,,"['can', 'be', 'fought']",conclusion,"{'pp_againstin': 'againstIn conclusion', 'prep_head': 'againstin'}",0.32753649841302535,0.1564363762607806,0.0
8,that should be considered whithin the rules,modal-be,pp_whithin_NP,REL,"modal-be,pp_whithin_NP",consider,that,"['should', 'be', 'considered']",rules,"{'pp_whithin': 'whithin the rules', 'prep_head': 'whithin'}",0.3341911474917791,0.20038962829330093,0.0
12,it can be said appropriatelyAs a conclusion,modal-be,pp_appropriatelyas_NP,PRON,"modal-be,pp_appropriatelyas_NP",say,it,"['can', 'be', 'said']",technique,"{'pp_appropriatelyas': 'appropriatelyAs a conclusion', 'prep_head': 'appropriatelyas'}",0.345891943316598,0.2178655039866373,0.0
10,the intimate atmosphere of personal contact could be reached via,modal-be,pp_via_NP,DEF_NP,"modal-be,pp_via_NP",reach,the intimate atmosphere of personal contact,"['could', 'be', 'reached']",,"{'pp_via': 'via', 'prep_head': 'via'}",0.346018364524781,0.49283343508431005,2.0
7,company leaders with an open and practical thinking would be banned form this idea,modal-be,pp_form_NP,PL_NP,"modal-be,pp_form_NP",ban,company leaders with an open and practical thinking,"['would', 'be', 'banned']",idea,"{'pp_form': 'form this idea', 'prep_head': 'form'}",0.2996181644191376,0.32161494768935206,1.584962500721156
7,the third one which is concerned with the rehabilitation of the prisoners can be accomplished over a night,modal-be,pp_over_NP,DEF_NP,"modal-be,pp_over_NP",accomplish,the third one which is concerned with the rehabilitation of the prisoners,"['can', 'be', 'accomplished']",night,"{'pp_over': 'over a night', 'prep_head': 'over'}",0.34297672119366907,0.21804351911792347,2.7954618442383214
6,they are being let due to mathematics,prog-be,pp_due_NP,PRON,"prog-be,pp_due_NP",let,they,"['are', 'being', 'let']",mathematics,"{'pp_due': 'due to mathematics', 'prep_head': 'due'}",0.10116955424787726,0.28135506504896945,2.0
8,that can be used outside of the prison,modal-be,pp_outside_NP,REL,"modal-be,pp_outside_NP",use,that,"['can', 'be', 'used']",prison,"{'pp_outside': 'outside of the prison', 'prep_head': 'outside'}",0.33958289435256794,0.18636284684901588,2.321928094887362
3,them being frozen out of the society,prog-be,pp_out_NP,PRON,"prog-be,pp_out_NP",freeze,them,"['being', 'frozen']",society,"{'pp_out': 'out of the society', 'prep_head': 'out', 'pp_as': 'as a result'}",0.49086987965601137,0.9813550650489694,1.9219280948873623
2,the number of students who attend the universities would be decresed over time,modal-be,pp_over_NP,DEF_NP,"modal-be,pp_over_NP",decrese,the number of students who attend the universities,"['would', 'be', 'decresed']",time,"{'pp_over': 'over time', 'prep_head': 'over'}",0.4359145129511648,0.8751863762607806,2.7954618442383214
8,which can be relied outside the university setting,modal-be,pp_outside_NP,REL,"modal-be,pp_outside_NP",rely,which,"['can', 'be', 'relied']",university,"{'pp_outside': 'outside the university setting', 'prep_head': 'outside'}",0.4447239329297692,0.6251863762607806,2.321928094887362
1,needs and requirements can be found Whit regard to the development and evolution of the edicated population living there,modal-be,pp_whit_NP,PL_NP,"modal-be,pp_whit_NP",find,needs and requirements,"['can', 'be', 'found']",stratum,"{'pp_whit': 'Whit regard to the development and evolution of the edicated population living there', 'prep_head': 'whit', 'pp_in': 'in this stratum of society'}",0.36604567375475194,0.2995233497397198,0.0
1,it is situated near a not big lake,pres-be,pp_near_NP,PRON,"pres-be,pp_near_NP",situate,it,"['is', 'situated']",big,"{'pp_near': 'near a not big lake', 'prep_head': 'near'}",0.20395668082274537,0.4067573204602094,2.0
1,that can be seen across an area of land,modal-be,pp_across_NP,REL,"modal-be,pp_across_NP",see,that,"['can', 'be', 'seen']",area,"{'pp_across': 'across an area of land', 'prep_head': 'across'}",0.3916651252638653,0.39588063527279665,1.0
3,we have been accustomed to consider for a near tomorrow Europe as a sole Nation without borders where we can live in peace with mutual respect When the second world war end the world was divided into two blocks the Soviet and the American one and many Countries defeated were thankful to them for winning their freedom back even if at the cost of human lives,perf-be,pp_along_NP,PRON,"perf-be,pp_along_NP",accustom,we,"['have', 'been', 'accustomed']",school,"{'pp_along': 'along school forms', 'prep_head': 'along', 'to_vp': 'to consider for a near tomorrow Europe as a sole Nation without borders where we can live in peace with mutual respect When the second world war end the world was divided into two blocks the Soviet and the American one and many Countries defeated were thankful to them for winning their freedom back even if at the cost of human lives'}",0.49852389035267874,0.6355601032987379,1.0
11,it must be made above all,modal-be,pp_above_NP,PRON,"modal-be,pp_above_NP",make,it,"['must', 'be', 'made']",good,"{'pp_above': 'above all', 'prep_head': 'above', 'pp_with': 'with good sense'}",0.26126327727083287,0.11120036227476661,1.9182958340544893
9,the possession of firearms could be made tooIn conclusion,modal-be,pp_tooin_NP,DEF_NP,"modal-be,pp_tooin_NP",make,the possession of firearms,"['could', 'be', 'made']",illegal,"{'pp_tooin': 'tooIn conclusion', 'prep_head': 'tooin'}",0.25173652666823654,0.11120036227476661,0.0
11,it should be banned Notwithstanding all that,modal-be,pp_notwithstanding_NP,PRON,"modal-be,pp_notwithstanding_NP",ban,it,"['should', 'be', 'banned']",single,"{'pp_notwithstanding': 'Notwithstanding all that', 'prep_head': 'notwithstanding', 'pp_for': 'for single women'}",0.3622767770597694,0.32161494768935206,0.0
4,they must be married above all,modal-be,pp_above_NP,PRON,"modal-be,pp_above_NP",marry,they,"['must', 'be', 'married']",,"{'pp_above': 'above all', 'prep_head': 'above'}",0.257501140417296,0.10325655169937707,1.9182958340544893
7,he will be punished above all they learn which are the rules in school as in life in general and how to respect them,modal-be,pp_above_NP,PRON,"modal-be,pp_above_NP",punish,he,"['will', 'be', 'punished']",happen,"{'pp_above': 'above all they learn which are the rules in school as in life in general and how to respect them', 'prep_head': 'above'}",0.3357032912102309,0.3547044485499372,1.9182958340544893
7,he will be punished above all they learn which are the rules in school as in life in general and how to respect them,modal-be,pp_above_NP,PRON,"modal-be,pp_above_NP",punish,he,"['will', 'be', 'punished']",happen,"{'pp_above': 'above all they learn which are the rules in school as in life in general and how to respect them', 'prep_head': 'above'}",0.3357032912102309,0.3547044485499372,1.9182958340544893
2,Countless Ainus have been persecuted fro ethnic reasons,perf-be,pp_fro_NP,PROPN,"perf-be,pp_fro_NP",persecute,Countless Ainus,"['have', 'been', 'persecuted']",ethnic,"{'pp_fro': 'fro ethnic reasons', 'prep_head': 'fro'}",0.44565519138094345,0.42343889117752587,1.0
7,a sow will be impregnated form the 4th seven days after to,modal-be,pp_form_NP,INDEF_NP,"modal-be,pp_form_NP",impregnate,a sow,"['will', 'be', 'impregnated']",4th,"{'pp_form': 'form the 4th seven days after to', 'prep_head': 'form'}",0.29701128479563765,0.20851970959411392,1.584962500721156
2,One of the rights is voting Voters can elect leaders recall officials cut taxes and raise money That voting is the most important tool for private citizens to influence their government can be seen throughout American history,modal-be,pp_throughout_NP,DEF_NP,"modal-be,pp_throughout_NP",see,One of the rights is voting Voters can elect leaders recall officials cut taxes and raise money That voting is the most important tool for private citizens to influence their government,"['can', 'be', 'seen']",American,"{'pp_throughout': 'throughout American history', 'prep_head': 'throughout'}",0.3916651252638653,0.39588063527279665,1.5
10,the cellular phone is used near the brain,pres-be,pp_near_NP,DEF_NP,"pres-be,pp_near_NP",use,the cellular phone,"['is', 'used']",brain,"{'pp_near': 'near the brain', 'prep_head': 'near'}",0.10611475649287543,0.18985631615604873,2.0
5,the weapons have been developed than the past,perf-be,pp_than_NP,PL_NP,"perf-be,pp_than_NP",develop,the weapons,"['have', 'been', 'developed']",past,"{'pp_than': 'than the past', 'prep_head': 'than'}",0.39511961882017116,0.20889343663207133,1.0
5,must be improved above all citizenship,modal-be,pp_above_NP,DEF_NP,"modal-be,pp_above_NP",improve,,"['must', 'be', 'improved']",,"{'pp_above': 'above all citizenship', 'prep_head': 'above'}",0.3606512154621939,0.5110245265497979,1.9182958340544893
12,compensation has been allotted amongst group members,perf-be,pp_amongst_NP,DEF_NP,"perf-be,pp_amongst_NP",allot,compensation,"['has', 'been', 'allotted']",equally,"{'pp_amongst': 'amongst group members', 'prep_head': 'amongst'}",0.520449581729707,0.6355601032987379,0.0
3,People of the same nation may be scattered all over the world,modal-be,pp_over_NP,PL_NP,"modal-be,pp_over_NP",scatter,People of the same nation,"['may', 'be', 'scattered']",all,"{'pp_over': 'all over the world', 'prep_head': 'over'}",0.2527473147365403,0.1251863762607806,2.7954618442383214
7,is adden fro a number of times,pres-be,pp_fro_NP,DEF_NP,"pres-be,pp_fro_NP",adden,,"['is', 'adden']",number,"{'pp_fro': 'fro a number of times', 'prep_head': 'fro'}",0.44731210446032155,0.8945621985089899,0.0
6,the information presented to the audiences may be slanted ie,modal-be,pp_ie_NP,DEF_NP,"modal-be,pp_ie_NP",slant,the information presented to the audiences,"['may', 'be', 'slanted']",certain,"{'pp_ie': 'ie', 'prep_head': 'ie'}",0.2735824752881165,0.20851970959411392,0.0
10,Wages are paid per hour worked,pres-be,pp_per_NP,PL_NP,"pres-be,pp_per_NP",pay,Wages,"['are', 'paid']",hour,"{'pp_per': 'per hour worked', 'prep_head': 'per'}",0.11224104064702975,0.21617742334255513,1.0
1,they can be send via a simple email on facebook or other social and filesharing sites,modal-be,pp_via_NP,PRON,"modal-be,pp_via_NP",send,they,"['can', 'be', 'send']",simple,"{'pp_via': 'via a simple email on facebook or other social and filesharing sites', 'prep_head': 'via'}",0.3571708562897156,0.27518637626078063,2.0
9,all of their love will be pointed towards the child,modal-be,pp_towards_NP,PRON,"modal-be,pp_towards_NP",point,all of their love,"['will', 'be', 'pointed']",child,"{'pp_towards': 'towards the child', 'prep_head': 'towards'}",0.3575952040522964,0.44965446136716364,2.75
4,the monotonuos atmosphere in the classroom expressed by the teacher could be centred around the student,modal-be,pp_around_NP,DEF_NP,"modal-be,pp_around_NP",centre,the monotonuos atmosphere in the classroom expressed by the teacher,"['could', 'be', 'centred']",student,"{'pp_around': 'around the student', 'prep_head': 'around'}",0.25338534433830323,0.1251863762607806,2.0
2,We as human beings are born unlike the other animals,pres-be,pp_unlike_NP,PRON,"pres-be,pp_unlike_NP",bear,We as human beings,"['are', 'born']",capacity,"{'pp_unlike': 'unlike the other animals', 'prep_head': 'unlike', 'pp_with': 'with the capacity of discovering new things communicating with one another being able to make rational decisions and reach a higher level of emotional expression'}",0.112207365201536,0.21469077089604233,2.0
1,this process has been accessed up until the 20th century,perf-be,pp_up_NP,DEF_NP,"perf-be,pp_up_NP",access,this process,"['has', 'been', 'accessed']",interpersonal,"{'pp_up': 'up until the 20th century', 'prep_head': 'up', 'pp_through': 'through interpersonal communication'}",0.3894311513028505,0.11175057948921419,2.0
14,Legal substances can be controlled unlike the illegal,modal-be,pp_unlike_NP,PL_NP,"modal-be,pp_unlike_NP",control,Legal substances,"['can', 'be', 'controlled']",illegal,"{'pp_unlike': 'unlike the illegal', 'prep_head': 'unlike'}",0.34647768422192204,0.23021596205959716,0.0
9,it should be chosen over someones life,modal-be,pp_over_NP,PRON,"modal-be,pp_over_NP",choose,it,"['should', 'be', 'chosen']",someones,"{'pp_over': 'over someones life', 'prep_head': 'over'}",0.3138550562940781,0.1356030429274473,2.7954618442383214
26,that are situated near or in them,pres-be,pp_near_NP,REL,"pres-be,pp_near_NP",situate,that,"['are', 'situated']",military,"{'pp_near': 'near or in them', 'prep_head': 'near'}",0.10043362634430081,0.20021837486318145,2.0
14,reality can be made than that,modal-be,pp_than_NP,DEF_NP,"modal-be,pp_than_NP",make,reality,"['can', 'be', 'made']",,"{'pp_than': 'than that', 'prep_head': 'than'}",0.3180165569649201,0.11120036227476661,1.4591479170272448
9,a lot of babys are born withiout being really wanted,pres-be,pp_withiout_NP,INDEF_NP,"pres-be,pp_withiout_NP",bear,a lot of babys,"['are', 'born']",really,"{'pp_withiout': 'withiout being really wanted', 'prep_head': 'withiout'}",0.112207365201536,0.21469077089604233,0.0
18,personal properties like beauty and sex appeal are valued beyond proportion,pres-be,pp_beyond_NP,PL_NP,"pres-be,pp_beyond_NP",value,personal properties like beauty and sex appeal,"['are', 'valued']",proportion,"{'pp_beyond': 'beyond proportion', 'prep_head': 'beyond'}",0.14189304948885206,0.2825354480339132,0.0
24,the results and methods could be implementet all over the world,modal-be,pp_over_NP,PL_NP,"modal-be,pp_over_NP",implementet,the results and methods,"['could', 'be', 'implementet']",all,"{'pp_over': 'all over the world', 'prep_head': 'over'}",0.4408834952923082,0.8751863762607806,2.7954618442383214
2,prisonment would be turned more towards rehabilitation,modal-be,pp_towards_NP,DEF_NP,"modal-be,pp_towards_NP",turn,prisonment,"['would', 'be', 'turned']",more,"{'pp_towards': 'more towards rehabilitation', 'prep_head': 'towards', 'pp_with': 'especially with stress on aftercare'}",0.26671735414657527,0.19740859848300285,2.75
6,being let out of big prisons,prog-be,pp_out_NP,DEF_NP,"prog-be,pp_out_NP",let,,"['being', 'let']",big,"{'pp_out': 'out of big prisons', 'prep_head': 'out', 'pp_after': 'after serving a sentence of maybe 20 yearsEspecially'}",0.1417804532028421,0.28135506504896945,1.9219280948873623
6,being let out of big prisons,prog-be,pp_out_NP,DEF_NP,"prog-be,pp_out_NP",let,,"['being', 'let']",big,"{'pp_out': 'out of big prisons', 'prep_head': 'out', 'pp_after': 'after serving a sentence of maybe 20 yearsEspecially'}",0.1417804532028421,0.28135506504896945,1.9219280948873623
4,Leonardo Da Vinci was born outside of marriage,past-be,pp_outside_NP,PROPN,"past-be,pp_outside_NP",bear,Leonardo Da Vinci,"['was', 'born']",marriage,"{'pp_outside': 'outside of marriage', 'prep_head': 'outside'}",0.12445796936627494,0.2181371659889696,1.0
9,Some of its advantages are given below 1,pres-be,pp_below_NP,PRON,"pres-be,pp_below_NP",give,Some of its advantages,"['are', 'given']",,"{'pp_below': 'below 1', 'prep_head': 'below'}",0.10295896409576127,0.18867731654602388,0.0
6,should be controlled Over population,modal-be,pp_over_NP,DEF_NP,"modal-be,pp_over_NP",control,,"['should', 'be', 'controlled']",balance,"{'pp_over': 'Over population', 'prep_head': 'over'}",0.3378872842247269,0.23021596205959716,2.7954618442383214
6,should be controlled Over population,modal-be,pp_over_NP,DEF_NP,"modal-be,pp_over_NP",control,,"['should', 'be', 'controlled']",balance,"{'pp_over': 'Over population', 'prep_head': 'over'}",0.3378872842247269,0.23021596205959716,2.7954618442383214
2,the drugs and arms can be found Even inside the prisons,modal-be,pp_inside_NP,PL_NP,"modal-be,pp_inside_NP",find,the drugs and arms,"['can', 'be', 'found']",easily,"{'pp_inside': 'Even inside the prisons', 'prep_head': 'inside'}",0.36604567375475194,0.2995233497397198,2.321928094887362
15,that is situated above our heads,pres-be,pp_above_NP,REL,"pres-be,pp_above_NP",situate,that,"['is', 'situated']",heads,"{'pp_above': 'above our heads', 'prep_head': 'above'}",0.20395668082274537,0.4067573204602094,2.0
1,These problems are given below 1,pres-be,pp_below_NP,PL_NP,"pres-be,pp_below_NP",give,These problems,"['are', 'given']",,"{'pp_below': 'below 1', 'prep_head': 'below'}",0.10295896409576127,0.18867731654602388,0.0
4,They should be trained ion such a subline and strong way that they should be forced to follow the rules and regulations made by management,modal-be,pp_ion_NP,PRON,"modal-be,pp_ion_NP",train,They,"['should', 'be', 'trained']",subline,"{'pp_ion': 'ion such a subline and strong way that they should be forced to follow the rules and regulations made by management', 'prep_head': 'ion'}",0.32787952372630047,0.19097584994499112,0.0
9,If should be promoted up to higher level,modal-be,pp_up_NP,PRON,"modal-be,pp_up_NP",promote,If,"['should', 'be', 'promoted']",higher,"{'pp_up': 'up to higher level', 'prep_head': 'up', 'pp_as': 'as a torch of the way'}",0.3704689163799761,0.3612974873718917,1.5567796494470396
9,If should be promoted up to higher level,modal-be,pp_up_NP,PRON,"modal-be,pp_up_NP",promote,If,"['should', 'be', 'promoted']",higher,"{'pp_up': 'up to higher level', 'prep_head': 'up', 'pp_as': 'as a torch of the way'}",0.3704689163799761,0.3612974873718917,1.5567796494470396
5,the word of poor will be deleted form this statment,modal-be,pp_form_NP,DEF_NP,"modal-be,pp_form_NP",delete,the word of poor,"['will', 'be', 'deleted']",statment,"{'pp_form': 'form this statment', 'prep_head': 'form', 'pp_in': 'in a successfull family always leaded by a good head of family'}",0.3803592577026666,0.5418530429274472,1.584962500721156
1,which can be observed arround us,modal-be,pp_arround_NP,REL,"modal-be,pp_arround_NP",observe,which,"['can', 'be', 'observed']",Firstly,"{'pp_arround': 'arround us', 'prep_head': 'arround'}",0.3808010231345881,0.36712186013174836,0.0
2,man can be put above any other species on earth,modal-be,pp_above_NP,DEF_NP,"modal-be,pp_above_NP",put,man,"['can', 'be', 'put']",other,"{'pp_above': 'above any other species on earth', 'prep_head': 'above'}",0.3229602634252329,0.13528738636179072,1.9182958340544893
10,the society was prejudiced against such out of wedlock children,past-be,pp_against_NP,DEF_NP,"past-be,pp_against_NP",prejudice,the society,"['was', 'prejudiced']",such,"{'pp_against': 'against such out of wedlock children', 'prep_head': 'against'}",0.3187279482219593,0.6369853335282366,1.584962500721156
6,a resolution which would allow the universities to become more autonomous and to eliminate their traditional stiffness so that they could raise money they are in short of in great part by themselves is needed Above all,pres-be,pp_above_NP,DEF_NP,"pres-be,pp_above_NP",need,a resolution which would allow the universities to become more autonomous and to eliminate their traditional stiffness so that they could raise money they are in short of in great part by themselves,"['is', 'needed']",allow,"{'pp_above': 'Above all', 'prep_head': 'above'}",0.26275542671461416,0.5061774435180643,2.0
3,It has been proven beyond any doubt,perf-be,pp_beyond_NP,PRON,"perf-be,pp_beyond_NP",prove,It,"['has', 'been', 'proven']",doubt,"{'pp_beyond': 'beyond any doubt', 'prep_head': 'beyond'}",0.47951211899197493,0.4630110836908949,1.0
1,such primitive vertebrate breeding was superceded thru which,past-be,pp_thru_NP,DEF_NP,"past-be,pp_thru_NP",supercede,such primitive vertebrate breeding,"['was', 'superceded']",increasingly,"{'pp_thru': 'thru which', 'prep_head': 'thru', 'pp_under': 'under increasingly deliberative but still survivalofthefittest peckingorderbased rationale'}",0.48527880137794843,0.97031866686157,0.0
8,the baby is considered to be a boy,pres-be,pp_inspite_NP,DEF_NP,"pres-be,pp_inspite_NP",consider,the baby,"['is', 'considered']",boy,"{'to_vp': 'to be a boy', 'pp_inspite': 'inspite of his primary sexual indications', 'prep_head': 'inspite'}",0.10058768868602143,0.18250257791278393,0.0
6,featuresHawthornes brilliant portrayal of moral conflicts within an individual should not be hidden from the eyes of students because the characters language is profane should be taken off the shelves,modal-be,pp_off_NP,DEF_NP,"modal-be,pp_off_NP",take,featuresHawthornes brilliant portrayal of moral conflicts within an individual should not be hidden from the eyes of students because the characters language is profane,"['should', 'be', 'taken']",shelves,"{'pp_off': 'off the shelves', 'prep_head': 'off', 'pp_like': 'just like Fitzgeralds novel'}",0.36273122130431146,0.31654066888472254,1.0
4,which are aimed a bettering our teaching skills,pres-be,pp_a_NP,REL,"pres-be,pp_a_NP",aim,which,"['are', 'aimed']",bettering,"{'pp_a': 'a bettering our teaching skills', 'prep_head': 'a'}",0.11771111542679018,0.2344585249569901,0.0
3,Her daughter was born out of wedlock,past-be,pp_out_NP,DEF_NP,"past-be,pp_out_NP",bear,Her daughter,"['was', 'born']",wedlock,"{'pp_out': 'out of wedlock', 'prep_head': 'out'}",0.12445796936627494,0.2181371659889696,2.725480556997868
2,More about adoption will be discussed throughout the next couple of paragraphs,modal-be,pp_throughout_NP,DEF_NP,"modal-be,pp_throughout_NP",discuss,More about adoption,"['will', 'be', 'discussed']",next,"{'pp_throughout': 'throughout the next couple of paragraphs', 'prep_head': 'throughout'}",0.3144194137776236,0.27324462868796506,1.5
6,This could be accomplished over a longer period of time,modal-be,pp_over_NP,PRON,"modal-be,pp_over_NP",accomplish,This,"['could', 'be', 'accomplished']",longer,"{'pp_over': 'over a longer period of time', 'prep_head': 'over'}",0.2766966908969855,0.21804351911792347,2.7954618442383214
10,that was shipwrecked toward a desert island,past-be,pp_toward_NP,REL,"past-be,pp_toward_NP",shipwreck,that,"['was', 'shipwrecked']",desert,"{'pp_toward': 'toward a desert island', 'prep_head': 'toward'}",0.48527880137794843,0.97031866686157,0.9182958340544896
3,television was introduced throghout the world,past-be,pp_throghout_NP,DEF_NP,"past-be,pp_throghout_NP",introduce,television,"['was', 'introduced']",world,"{'pp_throghout': 'throghout the world', 'prep_head': 'throghout'}",0.10328062555163876,0.1948084627799373,0.0
15,Women capacity to work has been demonstrated thorughout history,perf-be,pp_thorughout_NP,DEF_NP,"perf-be,pp_thorughout_NP",demonstrate,Women capacity to work,"['has', 'been', 'demonstrated']",history,"{'pp_thorughout': 'thorughout history', 'prep_head': 'thorughout'}",0.41971937505987494,0.23205133136891343,0.0
7,a problem of colective mind can be found behind both phenomenons religion and television,modal-be,pp_behind_NP,INDEF_NP,"modal-be,pp_behind_NP",find,a problem of colective mind,"['can', 'be', 'found']",phenomenons,"{'pp_behind': 'behind both phenomenons religion and television', 'prep_head': 'behind', 'pp_for': 'For example'}",0.36604567375475194,0.2995233497397198,1.584962500721156
6,Social conventions are represented along the play,pres-be,pp_along_NP,PL_NP,"pres-be,pp_along_NP",represent,Social conventions,"['are', 'represented']",play,"{'pp_along': 'along the play', 'prep_head': 'along'}",0.10838795602970147,0.21522775572622088,2.0
5,Most inventions have been developed like this,perf-be,pp_like_NP,PL_NP,"perf-be,pp_like_NP",develop,Most inventions,"['have', 'been', 'developed']",,"{'pp_like': 'like this', 'prep_head': 'like'}",0.39511961882017116,0.20889343663207133,2.0
4,heavy silverbangles can be seen above their pointed shoes,modal-be,pp_above_NP,PL_NP,"modal-be,pp_above_NP",see,heavy silverbangles,"['can', 'be', 'seen']",,"{'pp_above': 'above their pointed shoes', 'prep_head': 'above'}",0.3916651252638653,0.39588063527279665,1.9182958340544893
8,to have been carved out of pure gold,perf-be,pp_out_NP,DEF_NP,"perf-be,pp_out_NP",carve,,"['to', 'have', 'been', 'carved']",pure,"{'pp_out': 'out of pure gold', 'prep_head': 'out'}",0.41211954247316934,0.30222676996540465,2.321928094887362
6,it has been proved within the field of marketing,perf-be,pp_within_NP,PRON,"perf-be,pp_within_NP",prove,it,"['has', 'been', 'proved']",advertizement,"{'pp_within': 'within the field of marketing', 'prep_head': 'within'}",0.4436187288684307,0.3137210228389679,2.321928094887362
1,it can be found all over the world,modal-be,pp_over_NP,PRON,"modal-be,pp_over_NP",find,it,"['can', 'be', 'found']",all,"{'pp_over': 'all over the world', 'prep_head': 'over'}",0.36604567375475194,0.2995233497397198,2.7954618442383214
10,they are taught up to that moment,pres-be,pp_up_NP,PRON,"pres-be,pp_up_NP",teach,they,"['are', 'taught']",moment,"{'pp_up': 'up to that moment', 'prep_head': 'up'}",0.11010438234353352,0.2120621970051066,1.9219280948873623
10,they are taught up to that moment,pres-be,pp_up_NP,PRON,"pres-be,pp_up_NP",teach,they,"['are', 'taught']",moment,"{'pp_up': 'up to that moment', 'prep_head': 'up'}",0.11010438234353352,0.2120621970051066,1.9219280948873623
15,euthanasia should be allowed up to now,modal-be,pp_up_NP,DEF_NP,"modal-be,pp_up_NP",allow,euthanasia,"['should', 'be', 'allowed']",has,"{'pp_up': 'up to now', 'prep_head': 'up'}",0.3504726992172006,0.26785653332884346,1.5567796494470396
11,they should be allowed to involve in that condition no longer,modal-be,pp_beside_NP,PRON,"modal-be,pp_beside_NP",allow,they,"['should', 'be', 'allowed']",involve,"{'pp_beside': 'Beside the terminal illness of patient', 'prep_head': 'beside', 'to_vp': 'to involve in that condition no longer'}",0.3504726992172006,0.26785653332884346,1.0
13,Euthanasia should be allowed all over the world,modal-be,pp_over_NP,DEF_NP,"modal-be,pp_over_NP",allow,Euthanasia,"['should', 'be', 'allowed']",all,"{'pp_over': 'all over the world', 'prep_head': 'over', 'pp_for': 'for human rights'}",0.3504726992172006,0.26785653332884346,2.7954618442383214
11,the control must be attained over the information source not the information flow,modal-be,pp_over_NP,DEF_NP,"modal-be,pp_over_NP",attain,the control,"['must', 'be', 'attained']",information,"{'pp_over': 'over the information source not the information flow', 'prep_head': 'over'}",0.35676459378452086,0.5001863762607806,2.7954618442383214
10,it is expressed above,pres-be,pp_above_NP,PRON,"pres-be,pp_above_NP",express,it,"['is', 'expressed']",reasons,"{'pp_above': 'above', 'prep_head': 'above'}",0.18979817860217443,0.37732081919864513,2.0
4,It was conceived over two years,past-be,pp_over_NP,PRON,"past-be,pp_over_NP",conceive,It,"['was', 'conceived']",years,"{'pp_over': 'over two years', 'prep_head': 'over', 'pp_in': 'in meetings with more than 50 international academics', 'pp_with': 'with a goal of structing the university of the future'}",0.18584325118539266,0.37031866686156995,2.049452072789394
4,For instance ambitions are high at Sabanci University whose campus sits on a dreary hillside It was conceived over two years in meetings with more than 50 international academics with a goal of structing the university of the future Equipment and classrooms are state of the art given laptops 8000 internet connections are scattered across the campus,pres-be,pp_across_NP,DEF_NP,"pres-be,pp_across_NP",scatter,For instance ambitions are high at Sabanci University whose campus sits on a dreary hillside It was conceived over two years in meetings with more than 50 international academics with a goal of structing the university of the future Equipment and classrooms are state of the art given laptops 8000 internet connections,"['are', 'scattered']",campus,"{'pp_across': 'across the campus', 'prep_head': 'across', 'pp_from': 'from classrooms to grassy outdoor areas'}",0.20383215140578498,0.4075354480339132,2.0
11,Kids should be taken off the corners of the street,modal-be,pp_off_NP,PL_NP,"modal-be,pp_off_NP",take,Kids,"['should', 'be', 'taken']",corners,"{'pp_off': 'off the corners of the street', 'prep_head': 'off'}",0.36273122130431146,0.31654066888472254,1.0
1,it is transmitted amongst other thing,pres-be,pp_amongst_NP,PRON,"pres-be,pp_amongst_NP",transmit,it,"['is', 'transmitted']",other,"{'pp_amongst': 'amongst other thing', 'prep_head': 'amongst', 'pp_through': 'through Sexual intercourse'}",0.11427951458112895,0.22789553184232322,2.0
5,the rule of law should be applied equaly amangst all,modal-be,pp_amangst_NP,DEF_NP,"modal-be,pp_amangst_NP",apply,the rule of law,"['should', 'be', 'applied']",equaly,"{'pp_amangst': 'equaly amangst all', 'prep_head': 'amangst'}",0.39011295326367745,0.43593403981218243,0.0
5,the rule of law should be applied equaly amangst all,modal-be,pp_amangst_NP,DEF_NP,"modal-be,pp_amangst_NP",apply,the rule of law,"['should', 'be', 'applied']",equaly,"{'pp_amangst': 'equaly amangst all', 'prep_head': 'amangst'}",0.39011295326367745,0.43593403981218243,0.0
6,Those people who are also trained for the rehabilitation programes are required unlike the prisoner officers who are just there,pres-be,pp_unlike_NP,PL_NP,"pres-be,pp_unlike_NP",require,Those people who are also trained for the rehabilitation programes,"['are', 'required']",prisoner,"{'pp_unlike': 'unlike the prisoner officers who are just there', 'prep_head': 'unlike'}",0.13501750878134214,0.2644127714539875,2.0
13,save sex should be promoted amongst sex workers,modal-be,pp_amongst_NP,DEF_NP,"modal-be,pp_amongst_NP",promote,save sex,"['should', 'be', 'promoted']",sex,"{'pp_amongst': 'amongst sex workers', 'prep_head': 'amongst'}",0.3704689163799761,0.3612974873718917,0.0
13,HIVAIDS is spread amongst them,pres-be,pp_amongst_NP,PROPN,"pres-be,pp_amongst_NP",spread,HIVAIDS,"['is', 'spread']",mostly,"{'pp_amongst': 'amongst them', 'prep_head': 'amongst'}",0.16691097814225755,0.33145540239248505,2.0
